Time (s), Terminus position
0.0, 493.75 
9.999999999999831, 527.730516407031 
