Time (s),Terminus position
0.0, 487.5 
0.01, 487.5 
0.02, 487.50000040063134 
0.03, 487.50000178543297 
0.04, 487.50000484559473 
0.05, 487.5000103517921 
0.060000000000000005, 487.50001912469787 
0.07, 487.50003201748507 
0.08, 487.50004990220367 
0.09, 487.50007365925893 
0.09999999999999999, 487.5001041693197 
0.10999999999999999, 487.50014230712287 
0.11999999999999998, 487.50018893676037 
0.12999999999999998, 487.50024490812865 
0.13999999999999999, 487.50031105429383 
