Time (s),Terminus position
0.0, 493.75 
9.999999999999831, 503.94988214983505 
20.000000000000327, 513.7002275152956 
